family,sha256
Conti,002dd9b7cbf8ca2a09434f8c4abd85631efe922ab8daa1219d86d83a0228aeda
Conti,53b1c1b2f41a7fc300e97d036e57539453ff82001dd3f6abf07f4896b1f9ca22
Conti,61dd6a0b2870d62f56c7fe0039d42bf5351588f927267fe7b4ee0761872a3b20
Conti,98a09f7896a7c20229e696d6e8344fe9593fd70afada5d986e04c0d6933cc4db
Conti,b14cde376a8a7a9d7ad34cdfd07108c132ad8be7f60c5c0a0f17b6b63eb28b49
Conti,b68f76d17c4343e1a3a709c09d37a5e069ce1aec55dcb1861b2af79cc1aef47b
Conti,c14f8bc656284715516f26935afe487a1d584f56ffabbcb98f2974f6ca6cd3a4
Conti,f725792a5ef0512f3c5356d79fb3be5afcbaffaa4af41498342f7d09d703761f
AvosLocker,43b7a60c0ef8b4af001f45a0c57410b7374b1d75a6811e0dfc86e4d60f503856
AvosLocker,6cc510a772d7718c95216eb56a84a96201241b264755f28875e685f06e95e1a2
AvosLocker,84d94c032543e8797a514323b0b8fd8bd69b4183f17351628b13d1464093af2d
AvosLocker,c0a42741eef72991d9d0ee8b6c0531fc19151457a8b59bdcf7b6373d1fe56e02
AvosLocker,f810deb1ba171cea5b595c6d3f816127fb182833f7a08a98de93226d4f6a336f
AvosLocker,fb544e1f74ce02937c3a3657be8d125d5953996115f65697b7d39e237020706f
AvosLocker,bd88d415032eb24091c352fc0732b31116f44a78d9333037bd7608289608d3cd
Dharma,00ce72bb6fb1d2c1d32aa4c4a147e1b9b390cf9d3ae8b5c0cab2718118db4430
Dharma,0b2467264b2544634a7252314e585b10b618d1e752b2aa7fd46c59210b9b93f6
Dharma,2210baa7b596879b413965c17f9f33dbf698ac183b2b82329d397c73dee5fc3d
Dharma,276727bfacdeba0ba864fd6ccecab5fd0f244576dc503d7cf148a4deb90fc136
Dharma,3a7696a5e89211d08152154477f7d2281cafd814e987f6d089a3ad1c76f24608
Dharma,4992506df46c0b80f4619f3cb7478346561260366422c085f18356194b6cc3e3
Dharma,4c21b335baf9907cfaec588f25354b804b3d59f3882d923fbaf0d929b933ef49
Dharma,622e2834e51caa303d120c7503d8fcce671226a0342d7be0f8cf546b44cee195
Dharma,6f64d864d4cdeaa6062e44e34c0969ebdead56edb22e5a2b61c987ca3400fad4
Dharma,dddf7894b2e6aafa1903384759d68455c3a4a8348a7e2da3bd272555eba9bec0
Dharma,b6b2c1f4bbe4259e0279a0c3db98a69db12ab6ae0b549085c714f1497f3c8300
Dharma,e589257b8ad21635e0b1cf15b0936f939b19153806c3dcb9d502853525977817
Dharma,bf20b92755cd5c2542cdcef804ee795932cc4b0e070ca6b81ff8fd30908a8f97
Dharma,94ef44e3f7be172fb47203eb942e4601f1a96cb4bfd37e055fd6cf39b5db49a6
Maze,9751ae55b105ad8ffe6fc5dc7aea60ad723b6df67a959aa2ea6f4fa640d20a71
Maze,22ccc6a9a8834e08f190486524fb86b177f332b5835f4bd75f31b4b667271bb0
Maze,24da3ccf131b8236d3c4a8cc29482709531232ef9c9cba38266b908439dea063
Maze,33afa2f1d53d5279b6fc87ce6834193fdd7e16e4b44e895aae4b9da00be0c502
Maze,58fe9776f33628fd965d1bcc442ec8dc5bfae0c648dcaec400f6090633484806
Maze,91514e6be3f581a77daa79e2a4905dcbdf6bdcc32ee0f713599a94d453a26fc1
Maze,2a6c602769ac15bd837f9ff390acc443d023ee62f76e1be8236dd2dd957eef3d
Maze,067f1b8f1e0b2bfe286f5169e17834e8cf7f4266b8d97f28ea78995dc81b0e7b
Maze,ecd04ebbb3df053ce4efa2b73912fd4d086d1720f9b410235ee9c1e529ea52a2
Maze,fc611f9d09f645f31c4a77a27b6e6b1aec74db916d0712bef5bce052d12c971f
MedusaLocker,f30d2204814204a2295cd5c703591e81cdfe63ee04b0e45d7ed76fe0db4a711b
MedusaLocker,4ae110bb89ddcc45bb2c4e980794195ee5eb85b5261799caedef7334f0f57cc4
MedusaLocker,50a334ff766b053dee01ee1e410eebc5a24144517c59f9317ec47be9b70f6c48
MedusaLocker,81ca80c8275b0fdfeef2a816a7bf567f8e9a145b03ab96138c527af5c79bbec2
MedusaLocker,8597f458f1dcc5ecdf209d9c98b1f72c2fce2486236a3ae73adbe26fb6f9c671
MedusaLocker,a8b84ab6489fde1fab987df27508abd7d4b30d06ab854b5fda37a277e89a2558
MedusaLocker,abe330ec7e157293afee2d96489165d3aa0ed9a59252ecf4f3acfa3205ca9d15
MedusaLocker,b1672fd7ef5f4419f5c74a0829645087e92437f766042bfa3325a2a96610f271
MedusaLocker,e70a261143213e70ffa10643e17b5890443bd2b159527cd2c408dea989a17cfc
MedusaLocker,ed139beb506a17843c6f4b631afdf5a41ec93121da66d142b412333e628b9db8
MedusaLocker,fb07649497b39eee0a93598ff66f14a1f7625f2b6d4c30d8bb5c48de848cd4f2
MedusaLocker,8b9bdc5cf5534d377a6201d1803a5aa0915b93c9df524307118fd61f361bdba2
Nefilim,08c7dfde13ade4b13350ae290616d7c2f4a87cbeac9a3886e90a175ee40fb641
Nefilim,24ada19b269279612370bdf16f2becc1d5b7e0f69821050e2d9b48cfc874dca0
Nefilim,353ee5805bc5c7a98fb5d522b15743055484dc47144535628d102a4098532cd5
Nefilim,35a0bced28fd345f3ebfb37b6f9a20cc3ab36ab168e079498f3adb25b41e156f
Nefilim,3bac058dbea51f52ce154fed0325fd835f35c1cd521462ce048b41c9b099e1e5
Nefilim,52e25bdd600695cfed0d4ee3aca4f121bfebf0de889593e6ba06282845cf39ea
Nefilim,5ab834f599c6ad35fcd0a168d93c52c399c6de7d1c20f33e25cb1fdb25aec9c6
Nefilim,7de8ca88e240fb905fc2e8fd5db6c5af82d8e21556f0ae36d055f623128c3377
Nefilim,8be1c54a1a4d07c84b7454e789a26f04a30ca09933b41475423167e232abea2b
Nefilim,fcc2921020690a58c60eba35df885e575669e9803212f7791d7e1956f9bf8020
Nefilim,fdaefa45c8679a161c6590b8f5bb735c12c9768172f81c930bb68c93a53002f7
Nefilim,2daa5144081dd288c1dc936ec27b1c8bd709633450ceb73f235fccd1c3d3c62e
REvil,06b323e0b626dc4f051596a39f52c46b35f88ea6f85a56de0fd76ec73c7f3851
REvil,0c10cf1b1640c9c845080f460ee69392bfaac981a4407b607e8e30d2ddf903e8
REvil,12d8bfa1aeb557c146b98f069f3456cc8392863a2f4ad938722cd7ca1a773b39
REvil,133bf8be0cf7003b83b03579970997d408a930e58ec2726715140520900c06de
REvil,139a7d6656feebe539b2cb94b0729602f6218f54fb5b7531b58cfe040f180548
REvil,9b11711efed24b3c6723521a7d7eb4a52e4914db7420e278aa36e727459d59dd
REvil,52612bceee07152f2e2e6699b3c085149e11979f34fe248bda14e03a0d950e85
REvil,5f56d5748940e4039053f85978074bde16d64bd5ba97f6f0026ba8172cb29e93
REvil,ab0aa003d7238940cbdf7393677f968c4a252516de7f0699cd4654abd2e7ae83
REvil,cb4af8d6d57163b0322bd033b36379f805bdb59ec550049ea568cc0a7dfe52cd
REvil,d55f983c994caa160ec63a59f6b4250fe67fb3e8c43a388aec60a4a6978e9f1e
REvil,d74f04f0b948d9586629e06e2a2a21bdf20d678e47058afb637414eb3701c1f6
REvil,329983dc2a23bd951b24780947cb9a6ae3fb80d5ef546e8538dfd9459b176483
7ev3n,000ec059ab4eaefd2591449c6581b34748d3f90ef1688b9ec6daf5ab58d5da73
7ev3n,0047aed5ba539ab2e56e78d47b0ae8673d4f221bf5106987f66437e6eb0978ba
7ev3n,0084af770e99180fcdc6778c513d36384cf4b3ff24d0f8bc62ecaa76651be616
7ev3n,0ef5978772606e4accd261a48e2430858e1fd52ae6ef3efacb2037c38d315a63
7ev3n,611b1e1bf7590f0694d4c548f77967c46834e49a0a01c7e0de8ed5664e6faa32
7ev3n,6a83165a96037313df9d719896c796474b2d697cfd5f20fa7cf5daa9911c4346
7ev3n,758b3c4beb8a0a8ed26830b0e79fc7da20de1c4943c3314c966d3227ed829974
RagnarLocker,041fd213326dd5c10a16caf88ff076bb98c68c052284430fba5f601023d39a14
RagnarLocker,04c9cc0d1577d5ee54a4e2d4dd12f17011d13703cdd0e6efd46718d14fd9aa87
RagnarLocker,1602d04000a8c7221ed0d97d79f3157303e209d4640d31b8566dd52c2b09d033
RagnarLocker,30dcc7a8ae98e52ee5547379048ca1fc90925e09a2a81c055021ba225c1d064c
RagnarLocker,3b43751ed88e4d1f82cf52ca2d4477e3e35c35f08c1b4e3ab21c80720601e804
RagnarLocker,3bc8ce79ee7043c9ad70698e3fc2013806244dc5112c8c8d465e96757b57b1e1
RagnarLocker,63096f288f49b25d50f4aea52dc1fc00871b3927fa2a81fa0b0d752b261a3059
RagnarLocker,68eb2d2d7866775d6bf106a914281491d23769a9eda88fc078328150b8432bb3
RagnarLocker,7af61ce420051640c50b0e73e718dd8c55dddfcb58917a3bead9d3ece2f3e929
RagnarLocker,9706a97ffa43a0258571def8912dc2b8bf1ee207676052ad1b9c16ca9953fc2c
RagnarLocker,9bdd7f965d1c67396afb0a84c78b4d12118ff377db7efdca4a1340933120f376
RagnarLocker,b670441066ff868d06c682e5167b9dbc85b5323f3acfbbc044cabc0e5a594186
RagnarLocker,c2bd70495630ed8279de0713a010e5e55f3da29323b59ef71401b12942ba52f6
Akira,678ec8734367c7547794a604cc65e74a0f42320d85a6dce20c214e3b4536bb33
Akira,67afa125bf8812cd943abed2ed56ed6e07853600ad609b40bdf9ad4141e612b4
Akira,7b295a10d54c870d59fab3a83a8b983282f6250a0be9df581334eb93d53f3488
Akira,8631ac37f605daacf47095955837ec5abbd5e98c540ffd58bb9bf873b1685a50
Akira,101bd45ab673fd6547386dff4339f1649e61b9f5c318260d365f766fbdc2d3c9
Akira,1b6af2fbbc636180dd7bae825486ccc45e42aefbb304d5f83fafca4d637c13cc
Akira,40221e1c2e0c09bc6104548ee847b6ec790413d6ece06ad675fff87e5b8dc1d5
Akira,4102ee321317c71841798078072a6c13b6a4890bbee7aa9c31f6ac7d0d4afaef
Akira,5ea65e2bb9d245913ad69ce90e3bd9647eb16d992301145372565486c77568a2
Akira,643061ac0b51f8c77f2ed202dc91afb9879f796ddd974489209d45f84f644562
Akira,976f3bd36844a826e70065762e85242105420f8c2e8b755fb29c1de0b604d0d0
MedusaLocker,6d000a159fe10af1b29ddf4e4015931a9e9d0a020aeef0c602d8c5419b5966e6
MedusaLocker,c966ace15bece19a119231dfaa2494f14200647fc7cb225667fb22cbb41436fd
